{
  "paths": [
    {
      "park": [-8.27465,41.1969],
      "orig": [-8.27822,41.2108],
      "dest": [-8.27822,41.2108],
      "origToPark": [
         [-8.27819,41.2108],
         [-8.27801,41.2107],
         [-8.27787,41.2107],
         [-8.27775,41.2108]
      ],
      "parkToDest": [
         [-8.27477,41.197],
         [-8.27482,41.1972],
         [-8.27482,41.1973],
         [-8.27476,41.1974],
         [-8.2746,41.1978],
         [-8.27458,41.1979],
         [-8.2746,41.198],
         [-8.27461,41.1981],
         [-8.27477,41.1982],
         [-8.27492,41.1984],
         [-8.27499,41.1985],
         [-8.27502,41.199],
         [-8.27498,41.1991],
         [-8.27434,41.1999],
         [-8.27378,41.2001],
         [-8.27368,41.2001],
         [-8.27357,41.2001],
         [-8.27335,41.2],
         [-8.27316,41.1999],
         [-8.27303,41.2],
         [-8.27251,41.2002],
         [-8.27231,41.2004],
         [-8.272,41.2008],
         [-8.27191,41.201],
         [-8.27186,41.201],
         [-8.27185,41.2011],
         [-8.27186,41.2013],
         [-8.2719,41.2016],
         [-8.27195,41.202],
         [-8.27196,41.2024],
         [-8.27194,41.2027],
         [-8.27195,41.2028],
         [-8.27205,41.2028],
         [-8.27219,41.203],
         [-8.27213,41.203],
         [-8.27206,41.203],
         [-8.27201,41.203],
         [-8.27196,41.203],
         [-8.27193,41.2031],
         [-8.27191,41.2031],
         [-8.2719,41.2031],
         [-8.27191,41.2032],
         [-8.27194,41.2032],
         [-8.27198,41.2033],
         [-8.27204,41.2033],
         [-8.27209,41.2033],
         [-8.27215,41.2033],
         [-8.27221,41.2033],
         [-8.27226,41.2033],
         [-8.27259,41.2033],
         [-8.27314,41.2034],
         [-8.27353,41.2036],
         [-8.2739,41.2037],
         [-8.27532,41.2041],
         [-8.27612,41.2043],
         [-8.27637,41.2044],
         [-8.27646,41.2045],
         [-8.27649,41.2046],
         [-8.27636,41.2049],
         [-8.27638,41.2051],
         [-8.27649,41.2053],
         [-8.2765,41.2054],
         [-8.27644,41.2054],
         [-8.27634,41.2055],
         [-8.27627,41.2055],
         [-8.27618,41.2054],
         [-8.27619,41.2055],
         [-8.27626,41.2056],
         [-8.27629,41.2058],
         [-8.27604,41.2059],
         [-8.27588,41.2061],
         [-8.27584,41.2063],
         [-8.2759,41.2064],
         [-8.27599,41.2065],
         [-8.2761,41.2065],
         [-8.27638,41.2066],
         [-8.27738,41.2067],
         [-8.27769,41.2068],
         [-8.27788,41.2069],
         [-8.27798,41.207],
         [-8.27837,41.2071],
         [-8.2786,41.2073],
         [-8.27866,41.2073],
         [-8.27872,41.2074],
         [-8.27925,41.2073],
         [-8.27932,41.2072],
         [-8.27949,41.2071],
         [-8.27999,41.2068],
         [-8.2806,41.2064],
         [-8.28089,41.2063],
         [-8.28126,41.2062],
         [-8.28156,41.2062],
         [-8.28176,41.2062],
         [-8.28192,41.2063],
         [-8.2822,41.2063],
         [-8.28231,41.2064],
         [-8.28252,41.2064],
         [-8.28252,41.2065],
         [-8.28252,41.2065],
         [-8.28253,41.2065],
         [-8.28255,41.2065],
         [-8.28257,41.2065],
         [-8.28259,41.2065],
         [-8.2826,41.2065],
         [-8.28261,41.2066],
         [-8.28267,41.2067],
         [-8.28284,41.2068],
         [-8.28298,41.2069],
         [-8.2831,41.207],
         [-8.28315,41.207],
         [-8.2835,41.2063],
         [-8.28369,41.2063],
         [-8.2839,41.2063],
         [-8.28407,41.2063],
         [-8.28427,41.2063],
         [-8.28455,41.2063],
         [-8.28444,41.2064],
         [-8.28429,41.2065],
         [-8.28457,41.2068],
         [-8.28409,41.2069],
         [-8.284,41.2069],
         [-8.28414,41.2072],
         [-8.28418,41.2072],
         [-8.28437,41.2072],
         [-8.28451,41.2072],
         [-8.28472,41.2072],
         [-8.2849,41.2072],
         [-8.28508,41.2073],
         [-8.28529,41.2073],
         [-8.28548,41.2073],
         [-8.28561,41.2073],
         [-8.28568,41.2071],
         [-8.28586,41.2068],
         [-8.28605,41.2064],
         [-8.2861,41.2064],
         [-8.28621,41.2064],
         [-8.28623,41.2065],
         [-8.28623,41.2065],
         [-8.28619,41.2067],
         [-8.28621,41.2067],
         [-8.28621,41.2067],
         [-8.28619,41.2068],
         [-8.2861,41.207],
         [-8.28606,41.2071],
         [-8.28606,41.2072],
         [-8.28614,41.2072],
         [-8.2865,41.2072],
         [-8.28662,41.2072],
         [-8.28679,41.2071],
         [-8.28677,41.2074],
         [-8.28748,41.2075],
         [-8.28711,41.2083],
         [-8.28693,41.2086],
         [-8.28682,41.2087],
         [-8.2866,41.2089],
         [-8.28649,41.209],
         [-8.28626,41.2092],
         [-8.28599,41.2095],
         [-8.28576,41.2096],
         [-8.28547,41.2098],
         [-8.28512,41.2099],
         [-8.28488,41.21],
         [-8.28471,41.21],
         [-8.28458,41.2101],
         [-8.28447,41.2102],
         [-8.28444,41.2103],
         [-8.28435,41.2104],
         [-8.28434,41.2105],
         [-8.28431,41.2107],
         [-8.2843,41.2108],
         [-8.28432,41.211],
         [-8.2844,41.2114],
         [-8.28442,41.2115],
         [-8.28449,41.2116],
         [-8.28453,41.2116],
         [-8.28457,41.2116],
         [-8.28461,41.2116],
         [-8.28464,41.2117],
         [-8.28467,41.2117],
         [-8.2847,41.2118],
         [-8.28471,41.2118],
         [-8.28471,41.2118],
         [-8.28467,41.2119],
         [-8.28461,41.2119],
         [-8.28461,41.2119],
         [-8.28462,41.212],
         [-8.28462,41.2121],
         [-8.28461,41.2122],
         [-8.2846,41.2123],
         [-8.28432,41.2123],
         [-8.28417,41.2123],
         [-8.28406,41.2124],
         [-8.28398,41.2125],
         [-8.2839,41.2126],
         [-8.28379,41.2127],
         [-8.28362,41.2128],
         [-8.28346,41.2128],
         [-8.28327,41.2129],
         [-8.28307,41.213],
         [-8.28293,41.2131],
         [-8.28269,41.2131],
         [-8.28258,41.2131],
         [-8.28251,41.2133],
         [-8.2826,41.2136],
         [-8.28255,41.2137],
         [-8.2823,41.2137],
         [-8.28199,41.2137],
         [-8.2816,41.2137],
         [-8.28145,41.2137],
         [-8.28148,41.2127],
         [-8.2815,41.2126],
         [-8.28153,41.2125],
         [-8.28153,41.2124],
         [-8.28152,41.2121],
         [-8.28122,41.2118],
         [-8.281,41.2116],
         [-8.28079,41.2115],
         [-8.28047,41.2115],
         [-8.28018,41.2115],
         [-8.28018,41.2114],
         [-8.2801,41.2112],
         [-8.27998,41.2111],
         [-8.27979,41.211],
         [-8.27958,41.2109],
         [-8.27947,41.211],
         [-8.27937,41.2109],
         [-8.27854,41.2104],
         [-8.2783,41.2107]
      ]
    }
   ]
}