{
  "paths": [
    {
      "park": [41.1486,-8.57707],
      "orig": [41.1551,-8.57755],
      "dest": [41.1493,-8.57672],
      "origToPark": [
         [41.155,-8.57755],
         [41.155,-8.57757],
         [41.155,-8.57761],
         [41.1548,-8.57785],
         [41.1548,-8.57789],
         [41.1547,-8.57791],
         [41.1547,-8.5779],
         [41.1546,-8.5779],
         [41.1546,-8.57788],
         [41.1545,-8.57778],
         [41.1545,-8.57782],
         [41.1545,-8.57785],
         [41.1543,-8.57788],
         [41.1541,-8.57789],
         [41.154,-8.5779],
         [41.1539,-8.57793],
         [41.1539,-8.57798],
         [41.1537,-8.57829],
         [41.1536,-8.57841],
         [41.1536,-8.57866],
         [41.1535,-8.57894],
         [41.1534,-8.57916],
         [41.1534,-8.57928],
         [41.1534,-8.57935],
         [41.1534,-8.57942],
         [41.1533,-8.57981],
         [41.1533,-8.57986],
         [41.1533,-8.5799],
         [41.1534,-8.57995],
         [41.1534,-8.58001],
         [41.1534,-8.58009],
         [41.1533,-8.58002],
         [41.1532,-8.58013],
         [41.1532,-8.58011],
         [41.1532,-8.58011],
         [41.1531,-8.5801],
         [41.1531,-8.58011],
         [41.153,-8.58013],
         [41.153,-8.58016],
         [41.1529,-8.5802],
         [41.1529,-8.58021],
         [41.1528,-8.58021],
         [41.1528,-8.58021],
         [41.1527,-8.58019],
         [41.1526,-8.58019],
         [41.1526,-8.58019],
         [41.1526,-8.58034],
         [41.1526,-8.58039],
         [41.1526,-8.58036],
         [41.1526,-8.58022],
         [41.1526,-8.5801],
         [41.1525,-8.57999],
         [41.1525,-8.57961],
         [41.1525,-8.57956],
         [41.1525,-8.57936],
         [41.1525,-8.57894],
         [41.1526,-8.57895],
         [41.1526,-8.5788],
         [41.1526,-8.57848],
         [41.1525,-8.57822],
         [41.1525,-8.57797],
         [41.1527,-8.57763],
         [41.1527,-8.5776],
         [41.1526,-8.57724],
         [41.1525,-8.57705],
         [41.1525,-8.57687],
         [41.1524,-8.57671],
         [41.1526,-8.57667],
         [41.1527,-8.57662],
         [41.1527,-8.57658],
         [41.1528,-8.57655],
         [41.1528,-8.57662],
         [41.1528,-8.57658],
         [41.1528,-8.57645],
         [41.1529,-8.57639],
         [41.1529,-8.57636],
         [41.153,-8.57629],
         [41.1531,-8.57619],
         [41.1532,-8.57615],
         [41.1533,-8.57609],
         [41.1533,-8.57602],
         [41.1534,-8.57598],
         [41.1534,-8.57597],
         [41.1535,-8.57593],
         [41.1536,-8.57587],
         [41.1537,-8.57585],
         [41.1538,-8.57582],
         [41.1539,-8.57576],
         [41.154,-8.57573],
         [41.154,-8.57572],
         [41.154,-8.5757],
         [41.1541,-8.57569],
         [41.1542,-8.57568],
         [41.1547,-8.57569],
         [41.1547,-8.57569],
         [41.1548,-8.57568],
         [41.1548,-8.57566],
         [41.155,-8.57553],
         [41.1552,-8.57543],
         [41.1553,-8.5754],
         [41.1554,-8.57537],
         [41.1554,-8.57536],
         [41.1557,-8.57536],
         [41.1557,-8.57533],
         [41.1558,-8.5753],
         [41.1558,-8.57531],
         [41.1559,-8.57533],
         [41.1561,-8.57546],
         [41.1562,-8.57552],
         [41.1563,-8.57559],
         [41.1564,-8.57564],
         [41.1564,-8.57565],
         [41.1564,-8.57566],
         [41.1564,-8.57568],
         [41.1564,-8.5757],
         [41.1565,-8.57566],
         [41.1566,-8.57563],
         [41.1566,-8.57558],
         [41.1566,-8.57553],
         [41.1567,-8.57548],
         [41.1567,-8.57544],
         [41.1569,-8.57519],
         [41.157,-8.5756],
         [41.157,-8.5757],
         [41.157,-8.57573],
         [41.157,-8.57576],
         [41.157,-8.57579],
         [41.157,-8.57582],
         [41.1571,-8.57604],
         [41.1571,-8.57618],
         [41.1571,-8.57631],
         [41.1571,-8.57645],
         [41.157,-8.57669],
         [41.157,-8.57718],
         [41.157,-8.57735],
         [41.1573,-8.57788],
         [41.1574,-8.57813],
         [41.1575,-8.57822],
         [41.1575,-8.57826],
         [41.1575,-8.57831],
         [41.1576,-8.57836],
         [41.1576,-8.5784],
         [41.1577,-8.57842],
         [41.1578,-8.5785],
         [41.1579,-8.57863],
         [41.1585,-8.57865],
         [41.1585,-8.57924],
         [41.1585,-8.57982],
         [41.1574,-8.57979],
         [41.1563,-8.57977],
         [41.1562,-8.57976],
         [41.156,-8.57976],
         [41.1559,-8.57976],
         [41.1553,-8.58011],
         [41.1552,-8.58015],
         [41.1549,-8.58066],
         [41.1548,-8.58074],
         [41.1547,-8.58088],
         [41.1547,-8.58095],
         [41.1547,-8.58099],
         [41.1547,-8.58105],
         [41.1547,-8.5811],
         [41.1546,-8.58115],
         [41.1547,-8.58121],
         [41.1547,-8.58126],
         [41.1547,-8.58141],
         [41.1547,-8.58166],
         [41.1548,-8.58174],
         [41.1548,-8.58187],
         [41.155,-8.58196],
         [41.155,-8.58199],
         [41.1551,-8.58202],
         [41.1554,-8.58208],
         [41.1554,-8.5821],
         [41.1556,-8.58214],
         [41.1558,-8.58217],
         [41.1563,-8.58228],
         [41.1564,-8.58229],
         [41.1564,-8.58239],
         [41.1564,-8.58244],
         [41.1564,-8.58248],
         [41.1564,-8.58252],
         [41.1564,-8.58256],
         [41.1564,-8.58259],
         [41.1564,-8.58261],
         [41.1563,-8.58263],
         [41.1554,-8.58244],
         [41.1551,-8.58228],
         [41.155,-8.58219],
         [41.1549,-8.58208],
         [41.1548,-8.58201],
         [41.1547,-8.5819],
         [41.1546,-8.58173],
         [41.1545,-8.5817],
         [41.1545,-8.58168],
         [41.1545,-8.58167],
         [41.1544,-8.58167],
         [41.1544,-8.58169],
         [41.1543,-8.58174],
         [41.1543,-8.58179],
         [41.1543,-8.58183],
         [41.1543,-8.58189],
         [41.1543,-8.58196],
         [41.1543,-8.58203],
         [41.1544,-8.58211],
         [41.1544,-8.58223],
         [41.1544,-8.58235],
         [41.1544,-8.58253],
         [41.1543,-8.58269],
         [41.1542,-8.58282],
         [41.1541,-8.5829],
         [41.154,-8.58292],
         [41.1539,-8.58292],
         [41.1538,-8.58289],
         [41.1537,-8.58284],
         [41.1536,-8.58277],
         [41.1536,-8.58267],
         [41.1535,-8.58256],
         [41.1534,-8.58245],
         [41.1534,-8.58236],
         [41.1531,-8.58202],
         [41.1525,-8.58117],
         [41.1522,-8.5808],
         [41.1522,-8.58062],
         [41.152,-8.58036],
         [41.1517,-8.58001],
         [41.1515,-8.57985],
         [41.1514,-8.57971],
         [41.1513,-8.57966],
         [41.1511,-8.57956],
         [41.1509,-8.57945],
         [41.1508,-8.57939],
         [41.1507,-8.57936],
         [41.1506,-8.57934],
         [41.1505,-8.57933],
         [41.1504,-8.57934],
         [41.1503,-8.57937],
         [41.1501,-8.57946],
         [41.1499,-8.57959],
         [41.1499,-8.57966],
         [41.1498,-8.57975],
         [41.1497,-8.57984],
         [41.1497,-8.57994],
         [41.1496,-8.5801],
         [41.1495,-8.58028],
         [41.1495,-8.58043],
         [41.1494,-8.58063],
         [41.1492,-8.58086],
         [41.149,-8.5811],
         [41.1488,-8.58124],
         [41.1487,-8.58136],
         [41.1484,-8.58147],
         [41.1482,-8.5815],
         [41.148,-8.58151],
         [41.1477,-8.5814],
         [41.1475,-8.58132],
         [41.1474,-8.58125],
         [41.1473,-8.58115],
         [41.1471,-8.58102],
         [41.1469,-8.58076],
         [41.1468,-8.58059],
         [41.1466,-8.58026],
         [41.1464,-8.57993],
         [41.1464,-8.57987],
         [41.1462,-8.57962],
         [41.1462,-8.57954],
         [41.1461,-8.57949],
         [41.1461,-8.57943],
         [41.146,-8.57942],
         [41.1459,-8.57939],
         [41.1459,-8.57933],
         [41.1459,-8.57925],
