{
  "paths": [
    {
      "park": [41.1485,-8.57715],
      "orig": [41.1551,-8.57755],
      "dest": [41.1486,-8.57707],
      "origToPark": [
         [41.1551,-8.57757],
         [41.1552,-8.57761],
         [41.1554,-8.57782],
         [41.1556,-8.57804],
         [41.1556,-8.57807],
         [41.1556,-8.57811],
         [41.1557,-8.57817],
         [41.1557,-8.57822],
         [41.1557,-8.57851],
         [41.156,-8.57853],
         [41.1562,-8.57854],
         [41.1562,-8.57915],
         [41.1562,-8.57976],
         [41.1563,-8.57977],
         [41.1574,-8.57979],
         [41.1585,-8.57982],
         [41.1592,-8.5806],
         [41.1593,-8.58065],
         [41.1593,-8.58091],
         [41.1593,-8.58106],
         [41.1593,-8.5812],
         [41.1593,-8.5813],
         [41.1593,-8.58161],
         [41.1592,-8.58178],
         [41.1592,-8.58184],
         [41.1592,-8.58189],
         [41.1591,-8.58193],
         [41.1589,-8.582],
         [41.1588,-8.58203],
         [41.1588,-8.58205],
         [41.1588,-8.58206],
         [41.1588,-8.58208],
         [41.1587,-8.5821],
         [41.1587,-8.58212],
         [41.1587,-8.58215],
         [41.1587,-8.58218],
         [41.1587,-8.5822],
         [41.1587,-8.58223],
         [41.1587,-8.58226],
         [41.1589,-8.58284],
         [41.1589,-8.5829],
         [41.1589,-8.58294],
         [41.1589,-8.58301],
         [41.1589,-8.58307],
         [41.1588,-8.58314],
         [41.1587,-8.58345],
         [41.1585,-8.58395],
         [41.1584,-8.584],
         [41.1583,-8.58421],
         [41.158,-8.58487],
         [41.1579,-8.58492],
         [41.1574,-8.58516],
         [41.1574,-8.58517],
         [41.1572,-8.58518],
         [41.1569,-8.58518],
         [41.1564,-8.58519],
         [41.1563,-8.58516],
         [41.1562,-8.58529],
         [41.1562,-8.58541],
         [41.1561,-8.58551],
         [41.1561,-8.58558],
         [41.156,-8.58563],
         [41.1559,-8.58563],
         [41.1558,-8.5856],
         [41.1557,-8.58554],
         [41.1556,-8.58545],
         [41.1556,-8.58533],
         [41.1556,-8.58521],
         [41.1556,-8.58532],
         [41.1556,-8.58544],
         [41.1556,-8.58569],
         [41.1556,-8.58629],
         [41.1556,-8.58677],
         [41.1556,-8.58807],
         [41.1556,-8.58887],
         [41.1556,-8.58996],
         [41.1562,-8.58997],
         [41.1562,-8.59046],
         [41.1562,-8.59102],
         [41.1562,-8.59119],
         [41.1563,-8.59116],
         [41.1563,-8.59114],
         [41.1563,-8.59112],
         [41.1563,-8.59112],
         [41.1565,-8.59112],
         [41.1565,-8.59112],
         [41.1565,-8.59111],
         [41.1566,-8.59107],
         [41.1567,-8.5907],
         [41.1569,-8.59023],
         [41.1571,-8.59039],
         [41.1572,-8.59037],
         [41.1572,-8.5904],
         [41.1573,-8.59033],
         [41.1575,-8.59029],
         [41.1576,-8.58991],
         [41.1576,-8.58992],
         [41.1574,-8.59042],
         [41.1574,-8.59043],
         [41.1575,-8.5904],
         [41.1576,-8.59036],
         [41.1576,-8.59009],
         [41.1577,-8.59013],
         [41.1577,-8.5901],
         [41.1582,-8.58994],
         [41.1583,-8.58988],
         [41.1584,-8.58987],
         [41.1584,-8.58989],
         [41.1585,-8.58993],
         [41.1585,-8.58993],
         [41.1595,-8.59032],
         [41.1597,-8.58992],
         [41.1598,-8.59028],
         [41.1604,-8.58994],
         [41.161,-8.58966],
         [41.161,-8.58966],
         [41.161,-8.58968],
         [41.1611,-8.58996],
         [41.1612,-8.59024],
         [41.1616,-8.59141],
         [41.1616,-8.59152],
         [41.1615,-8.59157],
         [41.1616,-8.59175],
         [41.1615,-8.59185],
         [41.1615,-8.59194],
         [41.1615,-8.592],
         [41.1615,-8.59206],
         [41.1616,-8.59222],
         [41.1617,-8.59246],
         [41.1618,-8.59269],
         [41.1619,-8.59277],
         [41.1619,-8.59284],
         [41.162,-8.5929],
         [41.162,-8.59294],
         [41.1621,-8.59297],
         [41.1622,-8.593],
         [41.1623,-8.593],
         [41.1624,-8.593],
         [41.1625,-8.59298],
         [41.1625,-8.5931],
         [41.1626,-8.59332],
         [41.1626,-8.59389],
         [41.1631,-8.59378],
         [41.1637,-8.59365],
         [41.164,-8.59563],
         [41.164,-8.59601],
         [41.1641,-8.59686],
         [41.1636,-8.59698],
         [41.1637,-8.59773],
         [41.1638,-8.59826],
         [41.1638,-8.59835],
         [41.1638,-8.59842],
         [41.1638,-8.59845],
         [41.1639,-8.59848],
         [41.1643,-8.59892],
         [41.1643,-8.59895],
         [41.1644,-8.59905],
         [41.1646,-8.59932],
         [41.1651,-8.59977],
         [41.1655,-8.599],
         [41.1656,-8.59866],
         [41.1657,-8.5987],
         [41.1661,-8.59933],
         [41.1661,-8.59936],
         [41.1661,-8.59937],
         [41.1661,-8.59936],
         [41.1661,-8.59934],
         [41.1661,-8.59927],
         [41.1663,-8.59905],
         [41.1664,-8.59891],
         [41.1665,-8.59886],
         [41.1666,-8.59884],
         [41.1671,-8.59883],
         [41.1671,-8.60131],
         [41.1671,-8.60149],
         [41.1668,-8.60174],
         [41.1675,-8.60288],
         [41.1678,-8.60347],
         [41.1667,-8.60347],
         [41.1666,-8.60346],
         [41.1665,-8.60339],
         [41.1664,-8.60332],
         [41.1655,-8.60273],
         [41.1649,-8.60233],
         [41.166,-8.60075],
         [41.1654,-8.60024],
         [41.1642,-8.60182],
         [41.1642,-8.60189],
         [41.1632,-8.60312],
         [41.1631,-8.60327],
         [41.162,-8.60436],
         [41.1619,-8.60436],
         [41.1619,-8.60435],
         [41.1619,-8.60432],
         [41.1618,-8.60409],
         [41.1618,-8.60402],
         [41.1618,-8.60378],
         [41.1615,-8.6017],
         [41.1614,-8.60177],
         [41.1606,-8.60233],
         [41.16,-8.60273],
         [41.1599,-8.60277],
         [41.1593,-8.60317],
         [41.1588,-8.60292],
         [41.1588,-8.6029],
         [41.1587,-8.60288],
         [41.1573,-8.60249],
         [41.1573,-8.60246],
         [41.1572,-8.60206],
         [41.1572,-8.60197],
         [41.1577,-8.60177],
         [41.1576,-8.6017],
         [41.1576,-8.60153],
         [41.1575,-8.60134],
         [41.1575,-8.60122],
         [41.1574,-8.60096],
         [41.1572,-8.60074],
         [41.1572,-8.60069],
         [41.1571,-8.60059],
         [41.1571,-8.60053],
         [41.1578,-8.60023],
         [41.1578,-8.60019],
         [41.1575,-8.59892],
         [41.1568,-8.59906],
         [41.1568,-8.59938],
         [41.1567,-8.59944],
         [41.1565,-8.59949],
         [41.1566,-8.59964],
         [41.1561,-8.59971],
         [41.1555,-8.59982],
         [41.1545,-8.6],
         [41.1545,-8.60055],
         [41.1533,-8.60078],
         [41.1533,-8.6024],
         [41.1533,-8.60352],
         [41.1519,-8.60406],
         [41.1514,-8.60426],
         [41.1513,-8.60428],
         [41.1513,-8.60427],
         [41.151,-8.60426],
         [41.1509,-8.60425],
         [41.151,-8.60481],
         [41.1509,-8.60483],
         [41.1509,-8.60479],
         [41.1509,-8.60436],
         [41.1509,-8.6043],
         [41.1508,-8.60428],
         [41.1508,-8.6043],
         [41.1502,-8.60426],
         [41.1502,-8.60425],
         [41.1501,-8.60425],
         [41.1501,-8.60424],
         [41.15,-8.60423],
         [41.1499,-8.60423],
         [41.1499,-8.60422],
         [41.1495,-8.60418],
         [41.1495,-8.60421],
         [41.1495,-8.60433],
         [41.1495,-8.60439],
         [41.1495,-8.60446],
         [41.1495,-8.60454],
         [41.1496,-8.60467],
         [41.1496,-8.60467],
         [41.1495,-8.60468],
         [41.1495,-8.60461],
         [41.1495,-8.60461],
         [41.1495,-8.60461],
         [41.1495,-8.60463],
         [41.1495,-8.60466],
         [41.1495,-8.60469],
         [41.1495,-8.60491],
         [41.1496,-8.60509],
