{
  "paths": [
    {
      "park": [41.1539,-8.633],
      "orig": [41.1432,-8.61743],
      "dest": [41.1539,-8.63304],
      "origToPark": [
         [41.1434,-8.61739],
         [41.1434,-8.61739],
         [41.1434,-8.61739],
         [41.1434,-8.6174],
         [41.1434,-8.61742],
         [41.1435,-8.61738],
         [41.1436,-8.6174],
         [41.1438,-8.61721],
         [41.1442,-8.61674],
         [41.1444,-8.61651],
         [41.1444,-8.61649],
         [41.1445,-8.61648],
         [41.1445,-8.61649],
         [41.1448,-8.61678],
         [41.1448,-8.61686],
         [41.145,-8.61664],
         [41.1454,-8.61573],
         [41.1454,-8.61569],
         [41.1455,-8.61558],
         [41.1455,-8.61549],
         [41.1456,-8.61549],
         [41.1457,-8.61549],
         [41.1459,-8.61545],
         [41.1465,-8.6153],
         [41.1467,-8.61527],
         [41.1468,-8.61524],
         [41.1469,-8.61521],
         [41.1471,-8.61517],
         [41.1471,-8.61517],
         [41.1472,-8.61519],
         [41.1472,-8.61524],
         [41.1472,-8.61529],
         [41.1472,-8.61533],
         [41.1473,-8.6159],
         [41.1473,-8.61594],
         [41.1473,-8.61597],
         [41.1473,-8.61605],
         [41.1472,-8.61613],
         [41.1472,-8.61621],
         [41.1472,-8.61629],
         [41.1472,-8.61641],
         [41.1472,-8.6165],
         [41.1473,-8.61703],
         [41.1473,-8.61711],
         [41.1472,-8.6172],
         [41.1472,-8.61721],
         [41.1472,-8.61724],
         [41.1472,-8.6174],
         [41.1472,-8.61748],
         [41.1472,-8.61779],
         [41.1472,-8.61789],
         [41.1479,-8.61808],
         [41.148,-8.6181],
         [41.1481,-8.61814],
         [41.1481,-8.61818],
         [41.1481,-8.6183],
         [41.1481,-8.61832],
         [41.1479,-8.61935],
         [41.1479,-8.6196],
         [41.1479,-8.61967],
         [41.1479,-8.6197],
         [41.1479,-8.61979],
         [41.1478,-8.61987],
         [41.1478,-8.61993],
         [41.1477,-8.62005],
         [41.1476,-8.6202],
         [41.1475,-8.62031],
         [41.1474,-8.62035],
         [41.1474,-8.62042],
         [41.1474,-8.62049],
         [41.1474,-8.62064],
         [41.1475,-8.62141],
         [41.1476,-8.62187],
         [41.1476,-8.62215],
         [41.1478,-8.62266],
         [41.1478,-8.62282],
         [41.1481,-8.6237],
         [41.1482,-8.62407],
         [41.1482,-8.62418],
         [41.1483,-8.62439],
         [41.1483,-8.62441],
         [41.1484,-8.62468],
         [41.1486,-8.6251],
         [41.1486,-8.62519],
         [41.1486,-8.62536],
         [41.1486,-8.62542],
         [41.1486,-8.62552],
         [41.1487,-8.62579],
         [41.1487,-8.62581],
         [41.1487,-8.62599],
         [41.1487,-8.62617],
         [41.1488,-8.62659],
         [41.1488,-8.62671],
         [41.1492,-8.62713],
         [41.1492,-8.62718],
         [41.1496,-8.62758],
         [41.1497,-8.62764],
         [41.1498,-8.62767],
         [41.1499,-8.62771],
         [41.1502,-8.62779],
         [41.1506,-8.62794],
         [41.1507,-8.628],
         [41.1509,-8.62819],
         [41.151,-8.62842],
         [41.1511,-8.6285],
         [41.1511,-8.62859],
         [41.1512,-8.62873],
         [41.1512,-8.62888],
         [41.1513,-8.62892],
         [41.1515,-8.62899],
         [41.1516,-8.62897],
         [41.1524,-8.62877],
         [41.1525,-8.62874],
         [41.1525,-8.62897],
         [41.1526,-8.6301],
         [41.1526,-8.63049],
         [41.1526,-8.63062],
         [41.1526,-8.63081],
         [41.1526,-8.63099],
         [41.1526,-8.63136],
         [41.1527,-8.63148],
         [41.1527,-8.63217],
         [41.1527,-8.63234],
         [41.1527,-8.63239],
         [41.1527,-8.63264],
         [41.1527,-8.63281],
         [41.1527,-8.63289],
         [41.1526,-8.6332],
         [41.1526,-8.63347],
         [41.1525,-8.63417],
         [41.1525,-8.63448],
         [41.1524,-8.63485],
         [41.1524,-8.6354],
         [41.1525,-8.63583],
         [41.1525,-8.63616],
         [41.1528,-8.63754],
         [41.153,-8.63822],
         [41.1531,-8.63879],
         [41.1544,-8.63816],
         [41.155,-8.63783],
         [41.1557,-8.63747],
         [41.1558,-8.63743],
         [41.1562,-8.63723],
         [41.156,-8.63631],
         [41.1559,-8.63619],
         [41.1535,-8.63407],
         [41.1535,-8.63402],
         [41.1536,-8.63379],
         [41.1536,-8.63345],
         [41.1537,-8.63328],
         [41.1536,-8.63324],
         [41.1534,-8.63306],
         [41.1534,-8.63303],
         [41.1535,-8.63303],
         [41.1538,-8.63301]
      ],
      "parkToDest": [
         [41.1538,-8.63301],
         [41.1535,-8.63303],
         [41.1534,-8.63303],
         [41.1534,-8.63306],
         [41.1536,-8.63324],
         [41.1537,-8.63328],
         [41.1538,-8.63326],
         [41.1538,-8.63326],
         [41.1539,-8.63315]
      ]
    }
   ]
}