{
  "paths": [
    {
      "park": [41.1618,-8.60409],
      "orig": [41.1539,-8.63304],
      "dest": [41.1605,-8.60443],
      "origToPark": [
         [41.1539,-8.63315],
         [41.1538,-8.63326],
         [41.1538,-8.63326],
         [41.1537,-8.63328],
         [41.1536,-8.63324],
         [41.1534,-8.63306],
         [41.1534,-8.63303],
         [41.1533,-8.6327],
         [41.1533,-8.63255],
         [41.1533,-8.63239],
         [41.1531,-8.63241],
         [41.1529,-8.63242],
         [41.1528,-8.63251],
         [41.1528,-8.63257],
         [41.1527,-8.6327],
         [41.1527,-8.63281],
         [41.1527,-8.63289],
         [41.1526,-8.63273],
         [41.1526,-8.63251],
         [41.1526,-8.63244],
         [41.1526,-8.63239],
         [41.1526,-8.63226],
         [41.1526,-8.63151],
         [41.1526,-8.63136],
         [41.1525,-8.63137],
         [41.1523,-8.63139],
         [41.1521,-8.6314],
         [41.1519,-8.63136],
         [41.1518,-8.63125],
         [41.1517,-8.63103],
         [41.1516,-8.6308],
         [41.1516,-8.63055],
         [41.1516,-8.63028],
         [41.1515,-8.62912],
         [41.1515,-8.62899],
         [41.1515,-8.62884],
         [41.1518,-8.62774],
         [41.152,-8.62717],
         [41.152,-8.62703],
         [41.1521,-8.62692],
         [41.1523,-8.62628],
         [41.1523,-8.62611],
         [41.1524,-8.62597],
         [41.1525,-8.62555],
         [41.1528,-8.62458],
         [41.1529,-8.62424],
         [41.1529,-8.62407],
         [41.1528,-8.62288],
         [41.1526,-8.62089],
         [41.1526,-8.62076],
         [41.1524,-8.61928],
         [41.1522,-8.61792],
         [41.1517,-8.61764],
         [41.1516,-8.6176],
         [41.1516,-8.61759],
         [41.1507,-8.61717],
         [41.1508,-8.61635],
         [41.1508,-8.61626],
         [41.1512,-8.61582],
         [41.1514,-8.61544],
         [41.1514,-8.61537],
         [41.1513,-8.61538],
         [41.1513,-8.61538],
         [41.1513,-8.61536],
         [41.1512,-8.61533],
         [41.1512,-8.61531],
         [41.1511,-8.61527],
         [41.1511,-8.61522],
         [41.151,-8.61486],
         [41.151,-8.61481],
         [41.151,-8.61477],
         [41.151,-8.61474],
         [41.151,-8.61471],
         [41.151,-8.6147],
         [41.1514,-8.61467],
         [41.1515,-8.61466],
         [41.1515,-8.61466],
         [41.1515,-8.61466],
         [41.1515,-8.61464],
         [41.1516,-8.6146],
         [41.1516,-8.61432],
         [41.1517,-8.61385],
         [41.1517,-8.61384],
         [41.1529,-8.61359],
         [41.1536,-8.61341],
         [41.1537,-8.61334],
         [41.1537,-8.61325],
         [41.1537,-8.61318],
         [41.1538,-8.61309],
         [41.1538,-8.61261],
         [41.1537,-8.61222],
         [41.1537,-8.61217],
         [41.1538,-8.61213],
         [41.1538,-8.6121],
         [41.1538,-8.61207],
         [41.1538,-8.61205],
         [41.1538,-8.61202],
         [41.1543,-8.61203],
         [41.1544,-8.61202],
         [41.1546,-8.61202],
         [41.155,-8.61201],
         [41.1551,-8.61199],
         [41.1551,-8.61197],
         [41.1552,-8.61194],
         [41.1552,-8.61191],
         [41.1557,-8.6119],
         [41.1566,-8.61188],
         [41.1567,-8.61184],
         [41.1568,-8.61181],
         [41.1568,-8.61179],
         [41.1568,-8.61178],
         [41.1568,-8.61174],
         [41.1569,-8.6117],
         [41.1569,-8.61157],
         [41.157,-8.61144],
         [41.157,-8.61134],
         [41.1571,-8.61124],
         [41.1571,-8.61114],
         [41.1571,-8.61105],
         [41.1572,-8.61005],
         [41.1573,-8.60998],
         [41.1573,-8.60925],
         [41.1574,-8.60916],
         [41.159,-8.6084],
         [41.1601,-8.6079],
         [41.1602,-8.60791],
         [41.1602,-8.60788],
         [41.161,-8.60754],
         [41.161,-8.60749],
         [41.161,-8.60738],
         [41.1607,-8.60546],
         [41.1606,-8.60534],
         [41.1606,-8.60521],
         [41.1605,-8.60488],
         [41.1605,-8.60477],
         [41.1605,-8.6047],
         [41.1605,-8.60464],
         [41.1605,-8.6046],
         [41.1605,-8.60455],
         [41.1605,-8.60452],
         [41.1605,-8.60445],
         [41.1606,-8.6044],
         [41.1606,-8.60437],
         [41.1606,-8.60434],
         [41.1611,-8.60411],
         [41.1615,-8.6039],
         [41.1616,-8.60388],
         [41.1617,-8.60388],
         [41.1617,-8.60389],
         [41.1617,-8.6039],
         [41.1617,-8.60393],
         [41.1618,-8.60395],
         [41.1618,-8.60398],
         [41.1618,-8.60402],
         [41.1618,-8.60409]
      ],
      "parkToDest": [
         [41.1619,-8.60432],
         [41.1618,-8.60409],
         [41.1618,-8.60402],
         [41.1618,-8.60398],
         [41.1618,-8.60395],
         [41.1617,-8.60393],
         [41.1617,-8.6039],
         [41.1617,-8.60389],
         [41.1617,-8.60388],
         [41.1616,-8.60388],
         [41.1615,-8.6039],
         [41.1611,-8.60411],
         [41.1606,-8.60434]
      ]
    },
    {
      "park": [41.1539,-8.63304],
      "orig": [41.1619,-8.60432],
      "dest": [41.1539,-8.63315],