{
    "paths": [
      {
        "park": [41.141,-8.63386],
        "orig": [41.1539,-8.63304],
        "dest": [41.1411,-8.63395],
        "origToPark": [
           [41.1539,-8.633],
           [41.1538,-8.63301],
           [41.1535,-8.63303],
           [41.1534,-8.63303],
           [41.1533,-8.6327],
           [41.1533,-8.63255],
           [41.1533,-8.63239],
           [41.1531,-8.63241],
           [41.1529,-8.63242],
           [41.1528,-8.63251],
           [41.1528,-8.63257],
           [41.1527,-8.63245],
           [41.1527,-8.63249],
           [41.1527,-8.63242],
           [41.1526,-8.63244],
           [41.1526,-8.63245],
           [41.1525,-8.63247],
           [41.1521,-8.63258],
           [41.1518,-8.63266],
           [41.1517,-8.63271],
           [41.1514,-8.63288],
           [41.1513,-8.63311],
           [41.1512,-8.63336],
           [41.1511,-8.63365],
           [41.1509,-8.63551],
           [41.1509,-8.63575],
           [41.151,-8.6365],
           [41.151,-8.63762],
           [41.1511,-8.6381],
           [41.1511,-8.63908],
           [41.1511,-8.6394],
           [41.1511,-8.63965],
           [41.151,-8.6399],
           [41.1509,-8.64017],
           [41.1508,-8.64036],
           [41.1507,-8.64046],
           [41.1507,-8.64052],
           [41.1506,-8.64057],
           [41.1505,-8.64066],
           [41.1504,-8.64073],
           [41.1503,-8.64077],
           [41.1502,-8.64081],
           [41.1501,-8.64083],
           [41.15,-8.64085],
           [41.1499,-8.64085],
           [41.1498,-8.64084],
           [41.1496,-8.6408],
           [41.1482,-8.64046],
           [41.1452,-8.63972],
           [41.1449,-8.63965],
           [41.1444,-8.6395],
           [41.1442,-8.63941],
           [41.144,-8.63931],
           [41.1439,-8.63926],
           [41.1438,-8.6392],
           [41.1437,-8.63913],
           [41.1437,-8.63907],
           [41.1436,-8.639],
           [41.1436,-8.63894],
           [41.1436,-8.63887],
           [41.1435,-8.6388],
           [41.1435,-8.63872],
           [41.1435,-8.63863],
           [41.1435,-8.63851],
           [41.1435,-8.63841],
           [41.1435,-8.63833],
           [41.1435,-8.63825],
           [41.1436,-8.63815],
           [41.1436,-8.6379],
           [41.1437,-8.63773],
           [41.1437,-8.63763],
           [41.1437,-8.63753],
           [41.1438,-8.63741],
           [41.1438,-8.63731],
           [41.1438,-8.63721],
           [41.1438,-8.63711],
           [41.1438,-8.637],
           [41.1438,-8.63689],
           [41.1437,-8.63681],
           [41.1437,-8.63671],
           [41.1437,-8.63661],
           [41.1436,-8.63651],
           [41.1435,-8.63641],
           [41.1435,-8.6363],
           [41.1434,-8.6362],
           [41.1433,-8.63604],
           [41.1431,-8.63578],
           [41.143,-8.63568],
           [41.1429,-8.6356],
           [41.1429,-8.63555],
           [41.1428,-8.6355],
           [41.1427,-8.63546],
           [41.1427,-8.63542],
           [41.1426,-8.63536],
           [41.1425,-8.63532],
           [41.1422,-8.63515],
           [41.1418,-8.63493],
           [41.1417,-8.63488],
           [41.1415,-8.63477],
           [41.1413,-8.63467],
           [41.1412,-8.6346],
           [41.1411,-8.63452],
           [41.1409,-8.63433],
           [41.1408,-8.6342],
           [41.1407,-8.63412],
           [41.1407,-8.63406],
           [41.1406,-8.63392],
           [41.1405,-8.63386],
           [41.1405,-8.63381],
           [41.1405,-8.63375],
           [41.1405,-8.63369],
           [41.1405,-8.63362],
           [41.1405,-8.63356],
           [41.1405,-8.6335],
           [41.1405,-8.63345],
           [41.1405,-8.6334],
           [41.1405,-8.63334],
           [41.1406,-8.6333],
           [41.1406,-8.63326],
           [41.1406,-8.63323],
           [41.1407,-8.63321],
           [41.1407,-8.6332],
           [41.1408,-8.6332],
           [41.1408,-8.63321],
           [41.1409,-8.63323],
           [41.1409,-8.63326],
           [41.141,-8.6333],
           [41.141,-8.63335],
           [41.141,-8.63342],
           [41.141,-8.63348],
           [41.141,-8.63355],
           [41.141,-8.63363],
           [41.141,-8.63372],
           [41.141,-8.63393],
           [41.141,-8.63406],
           [41.1409,-8.63415],
           [41.141,-8.63397],
           [41.141,-8.63391]
        ],
        "parkToDest": [
           [41.1411,-8.6338],
           [41.1411,-8.63375],
           [41.1411,-8.63373],
           [41.1411,-8.63382],
           [41.1411,-8.63392],
           [41.141,-8.63409]
        ]
      },
      {
        "park": [41.1655,-8.57714],
        "orig": [41.141,-8.63386],
        "dest": [41.1657,-8.5771],