{
  "paths": [
    {
      "park": [41.177314506765306, -8.594235930129424],
      "orig": [41.17772563433733, -8.598491918656483],
      "dest": [41.177771315019235, -8.594531801013659],
      "parkToDest": [
        [41.17747969534476, -8.594233792155157],
        [41.17769239654735, -8.594207239641495],
        [41.17780802577035, -8.59454483588662]
      ],
      "origToPark": [
        [41.17747187944213, -8.597506264579591],
        [41.17739516391338, -8.597280959036178],
        [41.17717309213945, -8.596607724614795],
        [41.17715492259736, -8.59647361417229],
        [41.17702975449751, -8.596063236164508],
        [41.17693688769284, -8.595258573509469],
        [41.1769823145141, -8.59493884343449],
        [41.17702874790068, -8.594496278974217],
        [41.177107482698375, -8.594270973430806]
      ]
    },
    {
        "park": [41.177314506765306, -8.594235930129424],
        "orig": [41.17772563433733, -8.598491918656483],
        "dest": [41.177771315019235, -8.594531801013659],
        "parkToDest": [
          [41.17747969534476, -8.594233792155157],
          [41.17769239654735, -8.594207239641495],
          [41.17780802577035, -8.59454483588662]
        ],
        "origToPark": [
          [41.17747187944213, -8.597506264579591],
          [41.17739516391338, -8.597280959036178],
          [41.17717309213945, -8.596607724614795],
          [41.17715492259736, -8.59647361417229],
          [41.17702975449751, -8.596063236164508],
          [41.17693688769284, -8.595258573509469],
          [41.1769823145141, -8.59493884343449],
          [41.17702874790068, -8.594496278974217],
          [41.177107482698375, -8.594270973430806]
        ]
      }
  ]
}
